{"cameraMode":{"drawMode":0,"name":"Shaded","section":"Shading Mode"},"sceneLighting":false,"audioPlay":false,"sceneViewState":{"m_AlwaysRefresh":false,"showFog":false,"showSkybox":false,"showFlares":false,"showImageEffects":false,"showParticleSystems":false,"showVisualEffectGraphs":true,"m_FxEnabled":true},"in2DMode":false,"pivot":{"x":-0.34416019916534426,"y":5.405086040496826,"z":0.29068660736083987},"rotation":{"x":-0.01216745376586914,"y":0.9876243472099304,"z":-0.09990059584379196,"w":-0.12028859555721283},"size":4.493507385253906,"orthographic":false}